Underwriting YoA,Gross Premiums Received,% Premiums Developed,Gross Premiums Ultimate,Gross Paid Claims,Gross Incurred Claims,Adjustments / IBNER,Gross Base IBNR,BF Prior / Initial LR,% Claims Developed,Gross Claims Ultimate,Gross Loss Ratio
2013,53439639,1,53439639,21526132,22680747,,0,,1,22680747,0.424418034
2014,49467111,1.003,49323190,20200774,21607076,,-79350,,1.0037,21527726,0.43646256
2015,45614302,0.999,45644483,14144553,17634945,,729323,,0.9603,18364268,0.402332708
2016,40906860,0.889,46007383,9955898,13949757,,6943795,0.421628422,0.642,20893552,0.454134767
2017,19887995,0.44,46000000,1269396,1772532,,18860348,0.448540874,0.1435,20632880,0.448540874
